片手,1,カッパーナイフ,致命必殺,5,,,2,0,2,0,100,200,50,
片手,1,手斧,カブト割,3,,,4,0,0,0,100,200,50,
片手,1,クナイ,奇襲戦法,5,,,0,0,4,0,100,200,50,
片手,2,ブロンズソード,必殺増加,5,,,6,2,0,0,100,400,100,
片手,2,アックス,城壁崩し,10,,,10,0,-2,0,100,400,100,
片手,2,小太刀,パリング,5,,,5,3,0,0,100,400,100,
片手,3,カタナ,致命必殺,25,パリング,5,12,0,0,0,100,800,200,
片手,3,手投げトマホーク,遠隔攻撃,,必殺増加,8,4,4,4,0,100,800,200,
片手,3,シミター,人間特攻,1,イベイド,5,8,0,4,0,100,800,200,
片手,4,デビルスレイヤー,必殺耐性,10,魔族特攻,1,10,6,0,0,100,1600,400,
片手,4,アイスソード,カブト割,10,炎霊特攻,1,8,4,0,4,100,1600,400,
片手,4,奉納刀,砲撃結界,10,魔族特攻,1,4,4,4,4,100,1600,400,
片手,5,フレイムソード,反撃倍加,2,氷霊特攻,1,16,0,0,4,100,3200,800,
片手,5,サンダーソード,確率追撃,25,海洋特攻,1,12,0,4,4,100,3200,800,
片手,5,ナイツオブオナー,堅守体躯,10,専守防衛,,8,12,0,0,100,3200,800,
片手,6,ブラッドソード,呪の一撃,,吸血攻撃,7,16,8,0,0,100,9600,2400,
片手,6,アサシンナイフ,致命必殺,60,麻痺攻撃,2,8,0,16,0,100,9600,2400,
片手,6,妖精のショーテル,側面攻撃,7,矮小体躯,15,8,0,10,6,100,9600,2400,
片手,7,英雄の剣,多段攻撃,1,反撃耐性,40,14,8,4,2,100,19200,4800,
片手,7,星割り斧,カブト割,20,堅守体躯,15,28,8,-8,0,100,19200,4800,
片手,7,竜紋の太刀,竜族特攻,2,特攻防御,35,20,0,8,0,100,19200,4800,
片手,8,ミスティルテイン,必殺増加,30,パリング,30,24,8,0,0,10,32000,8000,
片手,8,双剣・竜晶,多段攻撃,2,イベイド,20,8,0,24,0,10,32000,8000,
片手,8,アロンダイト,確率追撃,80,勇猛果敢,,24,0,8,0,10,32000,8000,
片手,9,輝剣フォルトゥナ,心核穿ち,45,堅守体躯,20,20,10,10,0,6,64000,,
片手,9,レーヴァテイン,十字攻撃,,大火炎陣,9,32,8,0,0,6,64000,,
片手,9,煉獄刃,次元斬撃,20,狂奔の牙,10,48,-8,0,0,6,64000,,
片手,10,マビノギオン,必殺増加,45,特攻防御,70,24,24,0,0,5,96000,,
片手,10,宝鍵クルタナ,次元斬撃,35,対術結界,25,30,12,0,6,5,96000,,
片手,10,ダインスレイフ,致命必殺,75,反撃倍加,3,48,8,8,-16,5,96000,,
片手,11,コキュートス,カブト割,40,大氷撃陣,12,48,20,-8,0,4,128000,,
片手,11,天叢雲・蛟,多段攻撃,3,強制異常,20,30,0,30,0,4,128000,,
片手,11,炎剣ヴァラナート,致命必殺,125,堅守体躯,30,60,12,-12,0,4,128000,,
片手,12,ティルフィング,心核穿ち,80,女性特攻,1,44,14,14,0,3,192000,,
片手,12,迅雷剣バルムンク,カブト割,45,全域攻撃,,60,0,12,0,3,192000,,
片手,12,神剣ブルトガング,必殺増加,50,神魔体躯,10,30,30,6,6,3,192000,,
片手,13,双雷刃バルムンク,多段攻撃,3,確率追撃,50,72,12,0,0,2,256000,,
片手,13,祖刃ニーベルング,多段攻撃,4,師団活性,30,36,0,36,12,2,256000,,
片手,13,天剣リディル,カブト割,55,確率追撃,100,40,24,20,0,2,256000,,
片手,14,竜聖剣アスカロン,全種特攻,1,致命必殺,150,80,40,-20,0,1,320000,,
片手,14,真星剣クリシュナ,次元斬撃,50,多段攻撃,3,70,20,0,10,1,320000,,
片手,14,煌剣ティルナノグ,確率追撃,200,師団指揮,20,90,20,-10,0,1,320000,,
両手,1,カッパースピア,反撃耐性,5,,,1,3,0,0,100,200,50,
両手,1,銅の大剣,致命必殺,5,,,6,0,-2,0,100,200,50,
両手,1,つるはし,撃破金運,1,城壁崩し,5,8,0,-4,0,100,200,50,
両手,2,ロングスピア,必殺増加,5,,,2,6,0,0,100,400,100,
両手,2,フランベルジュ,カブト割,5,,,12,0,-4,0,100,400,100,
両手,2,盗掘用バール,撃破金運,2,トレハン,2,0,0,4,4,100,400,100,
両手,3,ジャベリン,遠隔攻撃,,奇襲戦法,7,4,0,8,0,100,800,200,
両手,3,破城槌,カブト割,5,器兵特攻,1,18,0,-6,0,100,800,200,
両手,3,ナギナタ,側面攻撃,5,背水の陣,5,6,6,0,0,100,800,200,
両手,4,ブライトスピア,魔族特攻,1,死者特攻,1,10,6,0,0,100,1600,400,
両手,4,斬馬大刀,致命必殺,20,必殺増加,10,24,0,-8,0,100,1600,400,
両手,4,フラグマンスピア,勇猛果敢,,堅守体躯,10,8,8,0,0,100,1600,400,
両手,5,サンダージャベリン,遠隔攻撃,,必殺増加,15,12,0,8,0,100,3200,800,
両手,5,バジリスクの毒刃,カブト割,15,毒化攻撃,10,20,4,0,-4,100,3200,800,
両手,5,黄金のつるはし,撃破金運,5,トレハン,6,28,0,-8,0,100,3200,800,
両手,6,勇者の大剣,確率追撃,30,特攻防御,20,20,4,0,0,100,9600,2400,
両手,6,ヴァルキュレイド,貫通攻撃,,師団活性,5,6,6,6,6,100,9600,2400,
両手,6,振り逃げ金棒,標的後逸,,カブト割,20,16,0,16,-8,100,9600,2400,
両手,7,英雄の槍,多段攻撃,1,反撃耐性,40,16,12,0,0,100,19200,4800,
両手,7,斬鉄・岩融,狂奔の牙,7,カブト割,25,30,0,-6,4,100,19200,4800,
両手,7,デーモンシックル,強制異常,10,致命必殺,75,32,-8,0,4,100,19200,4800,
両手,8,魔槍グラーシーザ,多段攻撃,2,パリング,30,12,0,20,0,10,32000,8000,
両手,8,斬魔刀・星辰,カブト割,25,飛行特攻,1,32,0,0,0,10,32000,8000,
両手,8,ヘイトスクリーム,反撃倍加,3,必殺増加,20,32,12,-12,0,10,32000,8000,
両手,9,ベリサルダ,致命必殺,100,竜族特攻,2,40,10,-10,0,6,64000,,
両手,9,ファフナー,全力攻撃,70,魔族特攻,2,50,0,-10,0,6,64000,,
両手,9,戦斧フレアローズ,必殺増加,30,堅守体躯,25,20,16,0,4,6,64000,,
両手,10,グラディス,カブト割,40,特攻防御,50,32,16,0,0,5,96000,,
両手,10,極槍プロミネンス,心核穿ち,60,大火炎陣,10,48,-12,12,0,5,96000,,
両手,10,血華・雷王丸,全力攻撃,100,反撃耐性,75,64,0,-16,0,5,96000,,
両手,11,グングニル・ミニ,確率追撃,100,トレハン,14,24,24,6,6,4,128000,,
両手,11,魔戦将軍の黒鎌,多段攻撃,3,イベイド,30,40,0,20,0,4,128000,,
両手,11,天槍ニーベルング,心核穿ち,75,師団活性,20,36,0,16,8,4,128000,,
両手,12,黒槍ニーベルング,カブト割,55,師団弱体,20,52,8,12,0,3,192000,,
両手,12,暴蝕剣グラズ,次元斬撃,40,対術結界,40,48,24,0,0,3,192000,,
両手,12,告死ニーベルング,必殺増加,40,致命必殺,125,60,0,24,-12,3,192000,,
両手,13,ミョルニル,致命必殺,255,堅守体躯,30,80,16,-12,0,2,256000,,
両手,13,セイギャールン,全種特攻,1,神魔体躯,10,90,0,-10,4,2,256000,,
両手,13,シャリーアの大剣,心核穿ち,75,カブト割,50,80,20,-16,0,2,256000,,
両手,14,神槍グングニル,多段攻撃,6,大神術陣,20,88,-16,20,8,1,320000,,
両手,14,星斧プレアデス,カブト割,80,吸血攻撃,30,100,20,0,-20,1,320000,,
両手,14,覇装アンドヴァラ,次元斬撃,40,カブト割,50,90,30,-20,0,1,320000,,
射撃,1,スリング,速度削減,2,遠隔攻撃,,2,0,2,0,100,200,50,
射撃,1,短弓,攻撃削減,2,遠隔攻撃,,1,0,3,0,100,200,50,
射撃,1,爆竹,奇襲戦法,3,専守防衛,,0,3,1,0,100,200,50,
射撃,2,拳銃,必殺増加,5,遠隔攻撃,,8,0,0,0,100,400,100,
射撃,2,ボウガン,防御削減,3,遠隔攻撃,,4,0,4,0,100,400,100,
射撃,2,手裏剣,致命必殺,10,遠隔攻撃,,2,0,6,0,100,400,100,
射撃,3,猟銃,獣族特攻,1,背水の陣,5,12,0,0,0,100,800,200,
射撃,3,ロングボウ,必殺増加,10,防御削減,4,8,0,4,0,100,800,200,
射撃,3,手投げ爆弾,城壁崩し,25,火炎放射,4,16,-4,0,0,100,800,200,
射撃,4,ブライトガン,魔族特攻,1,死者特攻,1,12,0,0,4,100,1600,400,
射撃,4,ウィングキラー,飛行特攻,1,イベイド,10,4,0,12,0,100,1600,400,
射撃,4,大砲,全力攻撃,25,火炎砲弾,3,36,0,-20,0,100,1600,400,
射撃,5,ファイアーボア,カブト割,15,大火炎陣,4,18,0,0,2,100,3200,800,
射撃,5,ダブルバレルガン,多段攻撃,1,側面攻撃,5,12,0,8,0,100,3200,800,
射撃,5,螺旋手裏剣,致命必殺,45,必殺増加,10,4,0,16,0,100,3200,800,
射撃,6,ピットヴァイパー,反撃倍加,2,大毒気陣,4,32,0,0,-8,100,9600,2400,
射撃,6,アサシンブロウア,人間特攻,1,麻痺攻撃,2,12,0,12,0,100,9600,2400,
射撃,6,ドリルガン,心核穿ち,20,海洋特攻,1,24,0,0,0,100,9600,2400,
射撃,7,コメットガン,カブト割,20,致命必殺,25,24,0,0,4,100,19200,4800,
射撃,7,エースボウ,確率追撃,75,トレハン,10,10,0,18,0,100,19200,4800,
射撃,7,ゴーレムバズーカ,必殺増加,25,堅守体躯,15,48,0,-20,0,100,19200,4800,
射撃,8,魔銃ディザスター,カブト割,30,大雷撃陣,8,34,0,-8,6,10,32000,8000,
射撃,8,サジタリスボウ,多段攻撃,2,側面攻撃,10,12,0,16,4,10,32000,8000,
射撃,8,エルヴン・ボウ,標的後逸,,矮小体躯,25,20,0,12,0,10,32000,8000,
射撃,9,Ｓ弓矢アロー,堅守体躯,20,前進防御,,12,36,0,-8,6,64000,,
射撃,9,プロメテウス,多段攻撃,2,砲撃結界,30,24,0,8,8,6,64000,,
射撃,9,オラクルの神弓,平等治癒,7,神魔体躯,5,18,0,16,6,6,64000,,
射撃,10,エーテルシュート,反撃倍加,3,堅守体躯,25,24,36,-12,0,5,96000,,
射撃,10,乖離双星,多段攻撃,3,師団活性,10,28,0,12,8,5,96000,,
射撃,10,死限の祭祀書,虹の毒撃,20,強制異常,20,32,0,0,16,5,96000,,
射撃,11,スコルソール,神術砲弾,7,飛行特攻,2,40,0,20,0,4,128000,,
射撃,11,星銃アルタイル,必殺増加,30,心核穿ち,50,40,10,0,10,4,128000,,
射撃,11,死冥の砲典,十字攻撃,,致命必殺,100,80,0,-20,0,4,128000,,
射撃,12,災禍の戦輪,確率追撃,125,イベイド,40,50,-20,42,0,3,192000,,
射撃,12,天羽々矢,次元斬撃,30,トレハン,20,52,0,20,0,3,192000,,
射撃,12,ガイアプロメテア,カブト割,55,大強酸陣,13,56,0,0,16,3,192000,,
射撃,13,スーパーノヴァ,全域攻撃,,全力攻撃,100,100,0,-16,0,2,256000,,
射撃,13,ブリーシンガメン,致命必殺,200,愚者の嘘,1,64,0,10,10,2,256000,,
射撃,13,雷針インドラ,心核穿ち,100,必殺増加,50,90,10,-20,4,2,256000,,
射撃,14,プロメテウスΩ,カブト割,35,確率追撃,150,90,-10,10,10,1,320000,,
射撃,14,乖離双星・滅,多段攻撃,4,カブト割,40,100,0,20,-20,1,320000,,
射撃,14,始原の闇の塊,次元斬撃,50,軍団攻撃,,120,10,0,-30,1,320000,,
杖,1,棍棒,必殺増加,3,,,4,0,0,0,100,200,50,
杖,1,ワンド,魔術放射,1,,,0,0,2,2,100,200,50,
杖,1,麺棒,人間活性,1,対象治癒,2,0,2,2,0,100,200,50,
杖,2,魔術師の杖,火炎放射,3,遠隔攻撃,,4,0,0,4,100,400,100,
杖,2,僧侶の杖,解毒治療,,専守防衛,,0,4,0,4,100,400,100,
杖,2,ピコピコハンマー,トレハン,3,麻痺攻撃,1,3,0,3,2,100,400,100,
杖,3,メイジスタッフ,氷撃放射,5,側面攻撃,3,8,0,0,4,100,800,200,
杖,3,仙人の杖,反撃倍加,1,背水の陣,5,0,4,4,4,100,800,200,
杖,3,骸骨杖,致命必殺,20,呪の一撃,,12,-4,0,4,100,800,200,
杖,4,ウィングロッド,飛行特攻,1,自爆結界,15,4,0,12,0,100,1600,400,
杖,4,司祭の杖,全体治癒,4,削減治療,,0,6,5,5,100,1600,400,
杖,4,戦術羽うちわ,師団活性,5,奇襲警戒,15,5,0,6,5,100,1600,400,
杖,5,戦闘魔導杖,カブト割,15,対術反射,5,12,2,4,2,100,3200,800,
杖,5,黄金の麺棒,必殺増加,15,堅守体躯,10,5,5,5,5,100,3200,800,
杖,5,ゴールドセプター,トレハン,6,撃破金運,5,-2,12,5,5,100,3200,800,
杖,6,ブラストロッド,全力攻撃,30,自決自爆,30,24,0,0,0,100,9600,2400,
杖,6,癒しの杖,全体治癒,6,専守防衛,,0,14,0,10,100,9600,2400,
杖,6,禁術師の杖,致命必殺,75,強制異常,10,12,-10,16,6,100,9600,2400,
杖,7,毒蛇王の錫杖,虹の毒撃,5,大毒気陣,5,10,6,6,6,100,19200,4800,
杖,7,クリスタルティア,平等治癒,7,砲撃結界,25,0,12,4,12,100,19200,4800,
杖,7,ウィザードケイン,大魔術陣,8,対術結界,25,4,0,12,12,100,19200,4800,
杖,8,魔杖ウンディーネ,大強酸陣,9,標的後逸,,24,-4,4,8,10,32000,8000,
杖,8,シャリーアの杖,心核穿ち,40,竜鱗守護,50,0,16,6,10,10,32000,8000,
杖,8,バッドムーン,致命必殺,77,トレハン,12,20,0,6,6,10,32000,8000,
杖,9,ケリュケイオン,大雷撃陣,13,平等治癒,13,10,0,16,14,6,64000,,
杖,9,トリアイナ,確率追撃,80,戦術補助,40,22,10,0,8,6,64000,,
杖,9,ゲオルギウスミニ,多段攻撃,2,イベイド,25,8,0,24,8,6,64000,,
杖,10,アシュケロン,大魔術陣,14,砲撃結界,40,0,0,32,16,5,96000,,
杖,10,ジミーハンマー,兵士運搬,,堅守体躯,25,30,28,-10,0,5,96000,,
杖,10,月天の雫,平等治癒,14,対術結界,40,0,30,0,18,5,96000,,
杖,11,神杖クヴァーシル,バリアー,7,行動増加,1,24,24,0,12,4,128000,,
杖,11,アンサラー,反撃倍加,4,特攻防御,65,24,36,0,0,4,128000,,
杖,11,バズウ・カタ,カブト割,45,戦術結界,40,36,0,16,8,4,128000,,
杖,12,宝杖グリムルーン,師団活性,20,トレハン,18,0,16,40,16,3,192000,,
杖,12,グリンブルスティ,多段攻撃,3,側面攻撃,15,54,18,0,0,3,192000,,
杖,12,封杖アンドヴァラ,次元斬撃,25,火炎砲弾,13,24,0,32,16,3,192000,,
杖,13,魔杖グリムルーン,師団弱体,10,トレハン,20,48,20,0,16,2,256000,,
杖,13,悪鬼轟羅棍,カブト割,65,反撃耐性,80,72,12,0,0,2,256000,,
杖,13,神杖ゲオルギウス,大雷撃陣,30,神魔体躯,10,54,12,0,18,2,256000,,
杖,14,魔杖ルチーフェロ,心核穿ち,75,多段攻撃,3,64,0,24,12,1,320000,,
杖,14,獄界の大鎌,次元斬撃,40,致命必殺,130,80,0,16,4,1,320000,,
杖,14,宿業の円環,軍団攻撃,,範囲無効,,64,12,0,24,1,320000,,
鞭,1,レザーベルト,矮小体躯,2,,,2,0,2,0,100,200,50,
鞭,1,調教鞭,致命必殺,2,,,3,0,1,0,100,200,50,
鞭,1,ネコジャラシの鞭,奇襲戦法,3,,,1,0,3,0,100,200,50,
鞭,2,ヌンチャク,パリング,5,,,4,0,4,0,100,400,100,
鞭,2,イバラ鞭,毒化攻撃,5,,,5,0,3,0,100,400,100,
鞭,2,キャットテイル,イベイド,3,思考停止,,2,2,2,2,100,400,100,
鞭,3,鎖鎌,側面攻撃,3,樹霊特攻,1,8,0,4,0,100,800,200,
鞭,3,スパイクベルト,全力攻撃,10,防御削減,7,10,4,-2,0,100,800,200,
鞭,3,若草の鞭,自己治癒,5,対術結界,5,0,4,4,4,100,800,200,
鞭,4,フレイル,防御布陣,10,パリング,10,10,6,0,0,100,1600,400,
鞭,4,成仏の数珠,カブト割,10,死者特攻,1,8,8,-4,4,100,1600,400,
鞭,4,アイドルリボン,師団活性,5,トレハン,4,0,0,8,8,100,1600,400,
鞭,5,雷撃鉄球,必殺増加,15,雷撃砲弾,3,16,0,0,4,100,3200,800,
鞭,5,愛の鞭,反撃倍加,2,特攻防御,30,8,0,6,6,100,3200,800,
鞭,5,触腕,心核穿ち,10,女性特攻,1,9,2,9,0,100,3200,800,
鞭,6,妖精のしっぽ,側面攻撃,7,矮小体躯,15,8,0,8,8,100,9600,2400,
鞭,6,女王様の鞭,貫通攻撃,,男性特攻,1,14,-4,10,4,100,9600,2400,
鞭,6,コメットスター,カブト割,15,反撃耐性,25,20,8,-4,0,100,9600,2400,
鞭,7,チャンピオンの証,必殺増加,25,堅守体躯,15,10,10,8,0,100,19200,4800,
鞭,7,雷公鞭,心核穿ち,25,大雷撃陣,7,12,0,6,10,100,19200,4800,
鞭,7,マスターヌンチャク,パリング,20,カブト割,20,14,0,14,0,100,19200,4800,
鞭,8,ドラゴンテイル,扇形攻撃,,必殺増加,20,32,0,0,0,10,32000,8000,
鞭,8,レルネイ,多段攻撃,2,師団活性,10,10,6,16,0,10,32000,8000,
鞭,8,触主の触腕,女性特攻,1,確率追撃,88,16,0,16,0,10,32000,8000,
鞭,9,ローズウィップ,虹の毒撃,10,側面攻撃,15,10,20,20,-10,6,64000,,
鞭,9,ナインテールＬＢ,女性弱体,20,女性特攻,2,24,16,0,0,6,64000,,
鞭,9,ヘルズヘイム,多段攻撃,2,十字攻撃,,30,0,10,0,6,64000,,
鞭,10,変なむち,無形体躯,20,神魔体躯,5,20,10,10,8,5,96000,,
鞭,10,スヴァティ,大氷撃陣,13,全域攻撃,,24,0,16,8,5,96000,,
鞭,10,触手王の触腕,女性特攻,2,全力攻撃,50,32,0,16,0,5,96000,,
鞭,11,グレイプニール,魅了攻撃,2,確率追撃,100,24,0,24,12,4,128000,,
鞭,11,影皇帝のむち,撃破金運,8,トレハン,16,12,0,40,8,4,128000,,
鞭,11,触手姫の触腕,男性特攻,2,カブト割,40,32,12,12,4,4,128000,,
鞭,12,ウロボロスの鞭,リカバリ,88,堅守体躯,25,14,50,0,8,3,192000,,
鞭,12,神荊リンドヴルム,確率追撃,100,カブト割,25,40,0,32,0,3,192000,,
鞭,12,フォトンスレッド,次元斬撃,20,多段攻撃,2,48,24,0,0,3,192000,,
鞭,13,禁獣神鞭,心核穿ち,120,狂奔の牙,15,84,0,0,0,2,256000,,
鞭,13,触神の御手,全種特攻,1,特攻防御,90,64,0,0,20,2,256000,,
鞭,13,深淵の姫の触腕,対術結界,50,無形体躯,50,48,14,14,8,2,256000,,
鞭,14,始原淫魔の邪鞭,軍団攻撃,,挑発行為,,70,30,16,-16,1,320000,,
鞭,14,エリキシルの光鎖,次元斬撃,35,多段攻撃,4,70,0,20,10,1,320000,,
鞭,14,開闢の触腕,確率追撃,200,神魔体躯,10,25,25,25,25,1,320000,,
爪,1,クロー,必殺増加,2,,,2,1,1,0,100,200,50,
爪,1,カッパーネイル,致命必殺,5,,,2,2,0,0,100,200,50,
爪,1,職人手袋,城壁構築,10,撃破金運,1,0,0,4,0,100,200,50,
爪,2,ボーンクロー,毒化攻撃,7,,,4,0,4,0,100,400,100,
爪,2,獣の爪牙,カブト割,5,,,3,0,5,0,100,400,100,
爪,2,スパイクグローブ,全力攻撃,7,,,5,0,3,0,100,400,100,
爪,3,シルバークロー,必殺増加,5,対術結界,5,8,0,4,0,100,800,200,
爪,3,暴獣の爪牙,人間特攻,1,反撃倍加,1,12,-4,4,0,100,800,200,
爪,3,孫の手,側面攻撃,1,麻痺治療,,3,3,3,3,100,800,200,
爪,4,ホーリークロー,魔族特攻,1,死者特攻,1,6,4,0,6,100,1600,400,
爪,4,魔獣の爪牙,致命必殺,25,麻痺攻撃,2,14,-6,8,0,100,1600,400,
爪,4,メリケンサック,必殺増加,10,反撃耐性,20,10,0,6,0,100,1600,400,
爪,5,ゴールドクロー,撃破金運,5,砲撃結界,10,12,0,8,0,100,3200,800,
爪,5,幻獣の爪牙,側面攻撃,7,呪の一撃,,10,-5,15,0,100,3200,800,
爪,5,ロイヤル鍋つかみ,堅守体躯,10,トレハン,10,8,0,8,4,100,3200,800,
爪,6,ミスリルクロー,必殺増加,15,対術結界,15,16,4,4,0,100,9600,2400,
爪,6,腐毒竜の爪牙,毒化攻撃,15,反撃倍加,2,22,-10,22,-10,100,9600,2400,
爪,6,亡者の手,強制異常,10,吸血攻撃,7,8,0,16,0,100,9600,2400,
爪,7,オリハルコンの爪,カブト割,25,パリング,20,20,4,4,0,100,19200,4800,
爪,7,地獄の蟹爪,必殺耐性,20,堅守体躯,15,8,20,0,0,100,19200,4800,
爪,7,英雄の拳,確率追撃,50,反撃耐性,40,12,4,12,0,100,19200,4800,
爪,8,エスピリトクロー,カブト割,30,神術砲弾,4,20,6,6,0,10,32000,8000,
爪,8,ヴァリアント腕甲,心核穿ち,35,吸血攻撃,12,16,10,6,0,10,32000,8000,
爪,8,慟哭の拳,勇猛果敢,,堅守体躯,25,6,26,0,0,10,32000,8000,
爪,9,イシリアルクロー,魔族特攻,2,特攻防御,50,24,0,10,6,6,64000,,
爪,9,アガートラーム,反撃倍加,3,必殺増加,25,10,30,0,0,6,64000,,
爪,9,異獣の蟹爪,必殺耐性,50,前進防御,,20,20,0,0,6,64000,,
爪,10,竜王の爪牙,心核穿ち,50,竜鱗守護,100,32,16,0,0,5,96000,,
爪,10,艦爪ナグルファル,城壁構築,250,砲撃結界,40,0,48,0,0,5,96000,,
爪,10,ドグマの右足,カブト割,30,致命必殺,50,32,16,0,0,5,96000,,
爪,11,禁獣の爪牙,全力攻撃,80,大毒気陣,8,36,20,4,0,4,128000,,
爪,11,応龍爪,多段攻撃,3,地形無効,,36,0,18,6,4,128000,,
爪,11,レゾナンスクロー,必殺増加,35,致命必殺,90,45,15,0,0,4,128000,,
爪,12,神爪リンドヴルム,十字攻撃,,確率追撃,100,60,0,8,4,3,192000,,
爪,12,ビッグバン,トレハン,18,全域攻撃,,92,0,-20,0,3,192000,,
爪,12,昏虹のビブレスト,強制異常,30,虹の毒撃,30,48,-12,36,0,3,192000,,
爪,13,黒龍爪,次元斬撃,35,毒気砲弾,12,65,4,0,15,2,256000,,
爪,13,ヤルングレイプル,カブト割,50,堅守体躯,30,84,20,-20,0,2,256000,,
爪,13,バロールの巨拳,心核穿ち,100,神魔体躯,10,68,16,0,0,2,256000,,
爪,14,シャリーアの爪牙,確率追撃,150,狂奔の牙,25,120,0,0,-20,1,320000,,
爪,14,アイリスの聖手,カブト割,50,全力攻撃,150,84,16,-16,16,1,320000,,
爪,14,ニーズヘグクロー,次元斬撃,30,多段攻撃,4,120,0,-20,0,1,320000,,
盾,1,バックラー,パリング,2,,,0,4,0,0,100,200,50,
盾,1,なべのふた,トレハン,1,,,1,1,1,1,100,200,50,
盾,1,ウッドシールド,反撃耐性,5,,,1,3,0,0,100,200,50,
盾,2,シールド,堅守体躯,2,,,2,6,0,0,100,400,100,
盾,2,鉄鍋,全体治癒,1,,,0,5,0,3,100,400,100,
盾,2,置き盾,イベイド,4,専守防衛,,0,6,2,0,100,400,100,
盾,3,カイトシールド,堅守体躯,5,,,0,8,4,0,100,800,200,
盾,3,樹海部族の盾,術式増幅,3,削減治療,,0,4,4,4,100,800,200,
盾,3,灯火の盾,火炎放射,5,奇襲警戒,7,6,3,0,3,100,800,200,
盾,4,ホーリーシールド,解呪治療,,対術結界,10,3,10,3,0,100,1600,400,
盾,4,鬼面の盾,致命必殺,15,堅守体躯,10,8,8,0,0,100,1600,400,
盾,4,バイキングの盾,カブト割,10,トレハン,5,4,8,4,0,100,1600,400,
盾,5,ゴールドシールド,戦術結界,20,撃破金運,5,0,16,4,0,100,3200,800,
盾,5,黄金の鉄鍋,全体治癒,4,解毒治療,,0,16,0,4,100,3200,800,
盾,5,スパイクシールド,反撃倍加,1,必殺増加,15,8,12,0,0,100,3200,800,
盾,6,ミスリルシールド,イベイド,20,対術結界,20,4,16,4,0,100,9600,2400,
盾,6,魔界コックの鍋蓋,貫通無効,,反撃倍加,2,4,14,0,6,100,9600,2400,
盾,6,妖精騎士の盾,矮小体躯,15,前進防御,,0,12,12,0,100,9600,2400,
盾,7,英雄の盾,扇形無効,,パリング,20,4,20,4,0,100,19200,4800,
盾,7,エーテルシールド,心核穿ち,25,バリアー,3,0,10,8,10,100,19200,4800,
盾,7,スクトゥム,専守防衛,,堅守体躯,20,8,30,-10,0,100,19200,4800,
盾,8,巨神の盾,撃破金運,6,トレハン,12,16,32,-16,0,10,32000,8000,
盾,8,クルセイドシェル,自爆結界,30,特攻防御,40,6,20,6,0,10,32000,8000,
盾,8,グランドアンカー,反撃倍加,3,堅守体躯,25,0,24,8,0,10,32000,8000,
盾,9,アイギスの盾,必殺耐性,30,パリング,35,0,32,0,8,6,64000,,
盾,9,至高の究極の鍋蓋,対術結界,30,砲撃結界,40,0,24,12,4,6,64000,,
盾,9,割れない盾,遠隔無効,,無形体躯,25,4,32,4,0,6,64000,,
盾,10,デスマスクシェル,自決自爆,40,反撃倍加,4,36,12,0,0,5,96000,,
盾,10,覇王大帝の鉄鍋,砲撃結界,65,師団指揮,12,24,24,0,0,5,96000,,
盾,10,神光の盾,神魔体躯,15,十字無効,,0,40,0,8,5,96000,,
盾,11,ダークアイギス,必殺増加,50,パリング,35,32,32,0,-4,4,128000,,
盾,11,ユグドラシルの盾,対術結界,55,バリアー,10,0,36,12,12,4,128000,,
盾,11,無垢なる手,特攻防御,75,戦術結界,50,30,20,0,10,4,128000,,
盾,12,次元神の宝盾,次元斬撃,25,イベイド,40,0,30,30,12,3,192000,,
盾,12,マグナ・シェルド,全域無効,,側面無効,,0,54,18,0,3,192000,,
盾,12,邪神の盾,カブト割,40,狂奔の牙,10,24,52,8,-12,3,192000,,
盾,13,フォートリンデ,特攻防御,50,堅守体躯,35,32,52,0,0,2,256000,,
盾,13,ヤーラルホーン,多段攻撃,4,師団弱体,30,12,60,6,6,2,256000,,
盾,13,禁獣神の牙盾,致命必殺,100,反撃倍加,5,70,14,0,0,2,256000,,
盾,14,魔神王の篭手,心核穿ち,100,吸血攻撃,20,40,80,-10,-10,1,320000,,
盾,14,極夜の盾,神魔体躯,20,範囲無効,,60,40,20,-20,1,320000,,
盾,14,覇者の盾,堅守体躯,50,範囲無効,,40,60,-10,10,1,320000,,
鎧,1,いっちょうら,トレハン,1,,,0,2,0,2,100,200,50,
鎧,1,腰蓑,攻撃布陣,2,,,2,0,2,0,100,200,50,
鎧,1,銅板の前掛け,城壁構築,10,撃破金運,1,0,4,0,0,100,200,50,
鎧,2,油塗れの鎧,イベイド,5,,,-2,4,6,0,100,400,100,
鎧,2,チェインメイル,パリング,5,,,0,8,0,0,100,400,100,
鎧,2,スケイルアーマー,竜鱗守護,10,,,4,4,0,0,100,400,100,
鎧,3,プレートアーマー,堅守体躯,5,反撃耐性,5,6,10,-4,0,100,800,200,
鎧,3,魔物メイル,致命必殺,5,致命耐性,5,0,8,4,0,100,800,200,
鎧,3,シルバーチェイン,パリング,7,対術結界,5,4,8,0,0,100,800,200,
鎧,4,ホーリーアーマー,堅守体躯,10,解呪治療,,0,12,0,4,100,1600,400,
鎧,4,大魔物メイル,必殺増加,10,必殺耐性,10,0,12,4,0,100,1600,400,
鎧,4,ヘヴィブレスト,必殺耐性,10,特攻防御,10,0,24,-8,0,100,1600,400,
鎧,5,ゴールドアーマー,砲撃結界,20,トレハン,8,0,20,-4,4,100,3200,800,
鎧,5,デモンズメイル,致命必殺,35,反撃耐性,20,8,16,0,-4,100,3200,800,
鎧,5,武芸者の胴丸,カブト割,10,背水の陣,10,10,6,0,0,100,3200,800,
鎧,6,ミスリルアーマー,パリング,20,対術結界,20,0,20,4,0,100,9600,2400,
鎧,6,ダークブレスト,必殺増加,10,反撃倍加,2,10,14,0,0,100,9600,2400,
鎧,6,妖精騎士の鎧,矮小体躯,15,標的後逸,,0,4,16,4,100,9600,2400,
鎧,7,英雄の鎧,貫通無効,,堅守体躯,20,4,24,0,0,100,19200,4800,
鎧,7,魔将の鎧,扇形無効,,特攻防御,35,16,20,-8,0,100,19200,4800,
鎧,7,Ｋプロテクター,前進防御,,リカバリ,40,0,28,0,0,100,19200,4800,
鎧,8,巨神の鎧,撃破金運,6,トレハン,12,22,30,-20,0,10,32000,8000,
鎧,8,クルセイドメイル,カブト割,25,神魔体躯,5,0,24,0,8,10,32000,8000,
鎧,8,ゴーレムスーツ,遠隔攻撃,,全力攻撃,60,20,22,-10,0,10,32000,8000,
鎧,9,ハリケーンメイル,パリング,25,イベイド,40,0,12,28,0,6,64000,,
鎧,9,ダイダロスメイル,必殺耐性,20,特攻防御,40,0,30,5,5,6,64000,,
鎧,9,嵐将の羽根鎧,側面攻撃,10,多段攻撃,2,0,16,24,0,6,64000,,
鎧,10,クリムゾンメイル,師団活性,15,自爆結界,50,20,20,0,8,5,96000,,
鎧,10,竜王の鎧,心核穿ち,50,竜鱗守護,50,16,32,0,0,5,96000,,
鎧,10,エリキシルメイル,反撃倍加,4,師団弱体,20,12,24,0,12,5,96000,,
鎧,11,不死鳥の鎧,自決自爆,75,リカバリ,75,0,48,6,6,4,128000,,
鎧,11,シャドウコート,十字無効,,側面無効,,20,20,20,0,4,128000,,
鎧,11,焔王装束,全域無効,,炎霊活性,40,48,12,0,0,4,128000,,
鎧,12,光輝の神鎧,バリアー,5,神魔体躯,10,24,40,8,0,3,192000,,
鎧,12,デュナミスメイル,特攻防御,40,堅守体躯,40,0,60,12,0,3,192000,,
鎧,12,獄雷のドレス,確率追撃,125,トレハン,18,48,12,20,-8,3,192000,,
鎧,13,魔戦后の神鎧,カブト割,55,神魔体躯,15,24,48,12,0,2,256000,,
鎧,13,竜戦士の鎧,多段攻撃,3,反撃耐性,60,36,48,0,0,2,256000,,
鎧,13,シャリーアの鎧,次元斬撃,25,狂奔の牙,25,48,48,0,-12,2,256000,,
鎧,14,魔神王の鎧,対術結界,70,堅守体躯,92,52,72,-24,0,1,320000,,
鎧,14,黒皇の鎧,心核穿ち,100,範囲無効,,30,70,0,0,1,320000,,
鎧,14,覇者の鎧,神魔体躯,20,師団活性,50,40,60,-15,15,1,320000,,
獣装,1,手綱,専守防衛,,獣族活性,2,0,0,3,1,100,200,50,
獣装,1,蟲の卵,魔族医療,1,蟲族活性,2,1,3,0,0,100,200,50,
獣装,1,干しキノコ,堅守体躯,1,,,1,0,2,1,100,200,50,
獣装,2,魔界ペットの服,自己治癒,2,,,2,4,0,2,100,400,100,
獣装,2,鉄輪の鼻輪,反撃耐性,7,,,4,4,0,0,100,400,100,
獣装,2,しし肉ロース,全力攻撃,8,,,6,2,0,0,100,400,100,
獣装,3,怪牛の鼻輪,致命必殺,15,攻撃布陣,4,8,4,0,0,100,800,200,
獣装,3,魔蟲の卵,側面攻撃,3,蟲族特攻,1,6,0,6,0,100,800,200,
獣装,3,吊り人参,前進防御,,必殺増加,10,4,0,8,0,100,800,200,
獣装,4,イビルホーン,全力攻撃,20,人間特攻,1,12,4,4,-4,100,1600,400,
獣装,4,魔界ビフテキ,堅守体躯,10,報復の牙,5,8,8,0,0,100,1600,400,
獣装,4,魔界風鈴,自爆結界,15,削減治療,,0,4,8,4,100,1600,400,
獣装,5,ビーストスケイル,パリング,15,致命耐性,20,4,16,0,0,100,3200,800,
獣装,5,黄金魔蟲の卵,カブト割,20,蟲族特攻,1,15,5,0,0,100,3200,800,
獣装,5,ブースト茸,全力攻撃,25,異常耐性,,20,20,0,-20,100,3200,800,
獣装,6,ジゴク野ネズミ,必殺増加,25,獣族特攻,1,8,8,8,0,100,9600,2400,
獣装,6,暴獣の足かせ,反撃倍加,2,致命必殺,50,16,16,-8,0,100,9600,2400,
獣装,6,ワンナップ茸,リカバリ,20,堅守体躯,15,0,20,0,4,100,9600,2400,
獣装,7,ドラゴンスケイル,竜鱗守護,60,必殺耐性,20,10,25,0,-7,100,19200,4800,
獣装,7,極上魔界ビフテキ,堅守体躯,20,狂奔の牙,10,8,20,0,0,100,19200,4800,
獣装,7,ミミックハウス,撃破金運,6,トレハン,12,0,20,0,8,100,19200,4800,
獣装,8,騎竜王の鞍,特攻防御,45,前進防御,,8,16,8,0,10,32000,8000,
獣装,8,フレアロブスター,火炎砲弾,6,自爆結界,30,16,0,16,0,10,32000,8000,
獣装,8,ドラゴンステーキ,カブト割,30,反撃耐性,30,16,16,0,0,10,32000,8000,
獣装,9,デビル獅子舞,撃破金運,7,トレハン,16,24,0,16,0,6,64000,,
獣装,9,聖獣の金冠,パリング,25,イベイド,25,16,16,0,8,6,64000,,
獣装,9,ムテキノコ,特攻防御,60,バリアー,7,10,30,0,0,6,64000,,
獣装,10,デスホースの鼻輪,無形体躯,25,堅守体躯,25,36,12,0,0,5,96000,,
獣装,10,九頭龍の冠,報復の牙,9,確率追撃,90,30,10,0,8,5,96000,,
獣装,10,宝石獣の甲羅,トレハン,20,対術反射,25,0,48,0,0,5,96000,,
獣装,11,邪竜のヒゲ,大強酸陣,13,側面無効,,60,0,0,0,4,128000,,
獣装,11,禁獣の封冠,確率追撃,100,多段攻撃,1,48,-12,24,0,4,128000,,
獣装,11,極楽浄土ノネズミ,全域無効,,平等治癒,12,0,0,60,0,4,128000,,
獣装,12,マグナホーン,カブト割,40,十字攻撃,,60,12,0,0,3,192000,,
獣装,12,神竜ステーキ,竜鱗守護,80,堅守体躯,35,36,36,0,0,3,192000,,
獣装,12,神竜のヒゲ,バリアー,10,神魔体躯,10,36,0,24,12,3,192000,,
獣装,13,バハムートホーン,心核穿ち,100,反撃倍加,4,72,0,0,12,2,256000,,
獣装,13,創世の晩餐,全種特攻,1,神魔体躯,15,21,21,21,21,2,256000,,
獣装,13,ラーの神翼,次元斬撃,30,リカバリ,75,24,24,24,12,2,256000,,
獣装,14,テスラの封冠,強酸砲弾,20,トレハン,28,48,48,-20,24,1,320000,,
獣装,14,ディミルギアコア,師団弱体,50,カブト割,80,60,60,0,-20,1,320000,,
獣装,14,魔神王の竜角,確率追撃,200,狂奔の牙,25,120,0,-20,0,1,320000,,
法衣,1,ボロきれ,速度布陣,2,,,0,1,2,1,100,200,50,
法衣,1,見習いローブ,魔術放射,1,専守防衛,,0,1,1,2,100,200,50,
法衣,1,レザーベスト,撃破金運,1,,,1,1,0,2,100,200,50,
法衣,2,ローブ,魔術砲弾,1,,,0,5,0,3,100,400,100,
法衣,2,盗人の外套,奇襲戦法,3,トレハン,2,3,0,5,0,100,400,100,
法衣,2,料理エプロン,師団活性,2,戦意高揚,10,0,5,0,3,100,400,100,
法衣,3,神官のローブ,全体治癒,2,解毒治療,,0,4,4,4,100,800,200,
法衣,3,魔術師のローブ,大魔術陣,2,対術結界,10,4,4,0,4,100,800,200,
法衣,3,下忍装束,致命必殺,25,奇襲戦法,6,4,0,8,0,100,800,200,
法衣,4,ノルニルローブ,全体治癒,3,解呪治療,,0,8,4,4,100,1600,400,
法衣,4,軍師のケープ,戦術結界,15,師団活性,5,10,0,0,6,100,1600,400,
法衣,4,サーコート,前進防御,,堅守体躯,10,0,16,0,0,100,1600,400,
法衣,5,ゴールドローブ,撃破金運,3,トレハン,9,8,12,0,0,100,3200,800,
法衣,5,アサシンクローク,側面攻撃,5,致命必殺,45,20,0,0,0,100,3200,800,
法衣,5,料理長エプロン,戦意高揚,20,削減治療,,0,0,14,6,100,3200,800,
法衣,6,闇司祭のローブ,全力攻撃,20,大強酸陣,4,14,0,4,6,100,9600,2400,
法衣,6,上忍装束,必殺増加,10,確率追撃,35,12,0,12,0,100,9600,2400,
法衣,6,フェザー商会の服,撃破金運,6,イベイド,15,0,0,18,6,100,9600,2400,
法衣,7,聖女の法衣,全体治癒,8,対術結界,25,0,16,6,6,100,19200,4800,
法衣,7,魔界メンズコート,大魔術陣,9,女性特攻,1,16,4,0,8,100,19200,4800,
法衣,7,鉄輪一座の服,報復の牙,15,カブト割,20,24,0,0,4,100,19200,4800,
法衣,8,白夜の星屑,自決自爆,75,全力攻撃,50,42,-20,10,0,10,32000,8000,
法衣,8,錬金術師のローブ,撃破金運,7,トレハン,16,0,8,16,8,10,32000,8000,
法衣,8,料理王のエプロン,平等治癒,8,戦意高揚,50,0,16,16,0,10,32000,8000,
法衣,9,ネメシアローブ,強制異常,15,魔族医療,10,24,8,0,8,6,64000,,
法衣,9,アドミラルコート,師団指揮,10,砲撃結界,30,15,0,15,10,6,64000,,
法衣,9,魔導大公のローブ,心核穿ち,50,戦術結界,30,24,0,10,6,6,64000,,
法衣,10,グリザーニドレス,次元斬撃,20,特攻防御,20,32,0,8,8,5,96000,,
法衣,10,真紅のマント,遠隔無効,,魔族活性,20,0,36,0,12,5,96000,,
法衣,10,阿修羅戦着,確率追撃,70,堅守体躯,20,20,40,0,-12,5,96000,,
法衣,11,クリムゾンスーツ,大火炎陣,15,自爆結界,45,10,30,0,20,4,128000,,
法衣,11,ナンナのお洋服,多段攻撃,2,矮小体躯,25,20,20,20,0,4,128000,,
法衣,11,グニタローブ,バリアー,5,堅守体躯,30,0,60,-4,4,4,128000,,
法衣,12,次元王のマント,次元斬撃,35,対術結界,50,0,40,24,8,3,192000,,
法衣,12,ナンナの漆黒法衣,多段攻撃,3,イベイド,40,36,0,36,0,3,192000,,
法衣,12,大魔王のマント,心核穿ち,60,致命必殺,100,48,16,0,8,3,192000,,
法衣,13,聖樹の法衣,対術結界,50,砲撃結界,50,0,48,20,16,2,256000,,
法衣,13,獄炎の闘衣,カブト割,50,全域無効,,40,36,8,0,2,256000,,
法衣,13,天轟聖竜のローブ,雷撃砲弾,20,神魔体躯,15,48,24,0,12,2,256000,,
法衣,14,テスタメント,神魔体躯,20,トレハン,28,40,40,10,10,1,320000,,
法衣,14,絶対神のローブ,多段攻撃,5,神族活性,50,48,16,20,16,1,320000,,
法衣,14,極夜の神衣,範囲無効,,対術反射,25,20,60,0,20,1,320000,,
道具,1,救急カバン,全体治癒,1,,,0,0,2,2,100,200,50,
道具,1,解毒剤,解毒治療,,,,0,3,0,1,100,200,50,
道具,1,ヒールリーフ,自己治癒,3,,,0,2,0,2,100,200,50,
道具,2,魔族エイド,魔族医療,2,麻痺治療,,0,4,2,2,100,400,100,
道具,2,占いオーブ,専守防衛,,撃破金運,1,0,0,6,2,100,400,100,
道具,2,偵察レンズ,奇襲戦法,4,奇襲警戒,4,0,0,8,0,100,400,100,
道具,3,矢筒,遠隔攻撃,,確率追撃,15,4,0,8,0,100,800,200,
道具,3,炸裂弾,城壁崩し,30,自決自爆,15,16,-4,0,0,100,800,200,
道具,3,魔術師の指輪,必殺増加,5,魔術放射,5,8,0,0,4,100,800,200,
道具,4,オリファンの角笛,師団活性,5,奇襲警戒,12,8,4,0,4,100,1600,400,
道具,4,枢機卿の聖帽,全体治癒,5,砲撃結界,15,0,8,4,4,100,1600,400,
道具,4,バリアリーフ,バリアー,2,堅守体躯,10,0,16,0,0,100,1600,400,
道具,5,ウィッチ・ハット,全力攻撃,20,対術結界,15,16,0,0,4,100,3200,800,
道具,5,フェネの丸秘帳簿,撃破金運,5,トレハン,6,0,0,10,10,100,3200,800,
道具,5,ワイトレディ,夜戦適応,,リカバリ,20,10,10,0,0,100,3200,800,
道具,6,ハンター・ベレー,遠隔攻撃,,飛行特攻,1,8,0,16,0,100,9600,2400,
道具,6,ガードチャーム,自己治癒,5,特攻防御,40,0,20,0,4,100,9600,2400,
道具,6,ブラッドラグーン,無形体躯,20,吸血攻撃,7,18,0,0,6,100,9600,2400,
道具,7,魔界炸裂弾,カブト割,20,自決自爆,20,36,-8,0,0,100,19200,4800,
道具,7,万能薬,全体治癒,7,絶対治療,,12,12,0,4,100,19200,4800,
道具,7,ソルティムーン,日中適応,,夜行生物,25,7,7,7,7,100,19200,4800,
道具,8,大公印の医療鞄,師団活性,12,女性特攻,1,26,0,0,6,10,32000,8000,
道具,8,鏡の国の架け橋,奇襲戦法,20,側面攻撃,20,15,0,15,2,10,32000,8000,
道具,8,楓のお面,確率追撃,77,トレハン,14,12,12,2,6,10,32000,8000,
道具,9,般若刻印,必殺増加,25,致命必殺,40,30,14,0,-4,6,64000,,
道具,9,ヴァナヘイム,対術結界,40,戦術結界,35,0,32,0,8,6,64000,,
道具,9,ライラの竪琴,トレハン,16,師団弱体,15,4,0,32,4,6,64000,,
道具,10,フェルストーン,全体治癒,12,戦術補助,50,0,36,0,12,5,96000,,
道具,10,欲望の仮面,無形体躯,25,堅守体躯,25,24,16,0,8,5,96000,,
道具,10,海賊姫の帽子,カブト割,35,トレハン,18,32,16,0,0,5,96000,,
道具,11,ギャラルホルン,確率追撃,115,速度布陣,40,0,0,60,0,4,128000,,
道具,11,シャリーアの聖杯,平等治癒,8,対術吸収,40,0,40,0,20,4,128000,,
道具,11,秘石のペンダント,術式増幅,15,神魔体躯,10,0,40,10,10,4,128000,,
道具,12,傾界九尾の帽子,確率追撃,92,獣族活性,29,36,24,0,12,3,192000,,
道具,12,ウルザルブルン,イベイド,40,砲撃結界,60,16,44,0,12,3,192000,,
道具,12,黒竜の魔導書,多段攻撃,3,対術結界,60,60,0,0,12,3,192000,,
道具,13,聖樹の鍵,師団指揮,20,トレハン,24,40,24,10,10,2,256000,,
道具,13,極夜の鍵,致命必殺,255,愚者の嘘,1,48,24,0,12,2,256000,,
道具,13,ヒュギエイアの盃,心核穿ち,100,魔族活性,40,70,30,-8,-8,2,256000,,
道具,14,闇の書,師団弱体,40,愚者の嘘,2,80,-30,20,30,1,320000,,
道具,14,真装ラグナロク,次元斬撃,50,軍団攻撃,,80,0,10,10,1,320000,,
道具,14,極竜の心臓,吸血攻撃,10,堅守体躯,92,60,80,-20,-20,1,320000,,